[{
  "name": "A",
  "cities1": ["安阳", "鞍山", "安庆", "安康", "阿坝", "阿拉善", "阿克苏", "阿勒泰", "阿里", "安顺", "澳门"],
  "cities2": ["安阳市", "鞍山市", "安庆市", "安康市", "阿坝藏族羌族自治州", "阿拉善盟", "阿克 苏地区", "阿勒泰地区", "阿里地区", "安顺市", "澳门特别行政区"]
}, {
  "name": "B",
  "cities1": ["北京", "蚌埠", "保定", "本溪", "包头", "亳州", "滨州", "白城", "百色", "白山", "白银", "宝鸡", "保山", "巴彦淖尔", "巴中", "北海", "毕节", "博尔塔拉", "巴音郭楞"],
  "cities2": ["北京市", "蚌埠市", "保定市", "本溪市", "包头市", "亳州市", "滨州市", "白城市", "百色市", "白山市", "白银市", "宝鸡市", "保山市", "巴彦淖尔市", "巴中市", "北海市", "毕节地区", "博尔塔拉蒙古自治州", "巴音郭楞蒙古自治州"]
}, {
  "name": "C",
  "cities1": ["重庆", "成都", "长春", "长沙", "承德", "常州", "滁州", "巢湖", "沧州", "常德", "昌都", "昌吉", "长治", "朝阳", "潮州", "郴州", "楚雄", "赤峰", "池州", "崇左"],
  "cities2": ["重庆市", "成都市", "长春市", "长沙市", "承德市", "常州市", "滁州市", "巢湖市", "沧州市", "常德市", "昌都市", "昌吉回族自治州", "长治市", "朝阳市", "潮州市", "郴州市", "楚雄彝族自治州", "赤峰市", "池州市", "崇左市"]
}, {
  "name": "D",
  "cities1": ["大连", "东莞", "德州", "丹东", "大理", "大庆", "大同", "大兴安岭", "达州", "德宏", "德阳", "定西", "迪庆", "东营"],
  "cities2": ["大连市", "东莞市", "德州市", "丹东市", "大理州市", "大庆市", "大同市", "大兴安岭地区", "达州市", "德宏傣族景颇族自治州", "德阳市", "定西市", "迪庆市", "东营市"]
}, {
  "name": "E",
  "cities1": ["鄂州", "鄂尔多斯", "恩施"],
  "cities2": ["鄂州市", "鄂尔多斯市", "恩施土家族苗族自治州"]
}, {
  "name": "F",
  "cities1": ["福州", "阜阳", "佛山", "抚州", "防城港", "抚顺", "阜新"],
  "cities2": ["福州市", "阜阳市", "佛山市", "抚州市", "防城港市", "抚顺市", "阜新市"]
}, {
  "name": "G",
  "cities1": ["广州", "贵阳", "桂林", "赣州", "广元", "甘南", "甘孜", "广安", "贵港", "果洛", "固原"],
  "cities2": ["广州市", "贵阳市", "桂林市", "赣州市", "广元市", "甘南藏族自治州", "甘孜藏族自治州", "广安市", "贵港市", "果洛藏族自治州", "固原市"]
}, {
  "name": "H",
  "cities1": ["杭州", "合肥", "哈尔滨", "海口", "衡阳", "邯郸", "呼和浩特", "黄冈", "黄石", "湖州", "衡水", "呼伦贝尔", "黄山", "海北", "海东", "海南", "海西", "哈密", "汉中", "鹤壁", "河池",  "鹤岗", "黑河", "和田", "河源", "菏泽", "贺州", "红河", "淮安", "淮北", "怀化", "淮南", "黄南", "惠州", "葫芦岛"],
  "cities2": ["杭州市", "合肥市", "哈尔滨市", "海口市", "衡阳市", "邯郸市", "呼和浩特市", "黄冈市", "黄石市", "湖州市", "衡市水", "呼伦贝尔市", "黄山市", "海北藏族自治州", "海东市", "海南藏族自治州", "海西蒙古族藏族自治州", "哈密地区", "汉中市", "鹤壁市", "河池市", "鹤岗市", "黑河市", "和田地区", "河源市", "菏泽市", "贺州市", "红河哈尼族彝族自治州", "淮安市", "淮北市", "怀市化", "淮南市", "黄南藏族自治州", "惠州市", "葫芦岛市"]
}, {
  "name": "J",
  "cities1": ["吉林", "济南", "九江", "揭阳", "酒泉", "嘉兴", "荆州", "锦州", "佳木斯", "吉安", "江门", "焦作", "嘉峪关", "金昌", "晋城", "景德镇", "荆门", "金华", "济宁", "晋中", "鸡西", "济源"],
  "cities2": ["吉林市", "济南市", "九江市", "揭阳市", "酒泉市", "嘉兴市", "荆州市", "锦州市", "佳木斯市", "吉安市", "江门市", "焦作市", "嘉峪关市", "金昌市", "晋城市", "景德镇市", "荆门市", "金华市", "济宁市", "晋中市", "鸡西市", "济源市"]
}, {
  "name": "K",
  "cities1": ["昆明", "开封", "喀什", "克拉玛依", "克孜勒苏"],
  "cities2": ["昆明市", "开封市", "喀什地区", "克拉玛依市", "克孜勒苏柯尔克孜自治州"]
}, {
  "name": "L",
  "cities1": ["兰州", "廊坊", "六安", "乐山", "来宾", "柳州", "聊城", "莱芜", "拉萨", "洛阳", "凉山", "连云港", "辽阳", "辽源", "丽江", "临沧", "临汾", "临夏", "临沂", "林芝", "丽水", "六盘水", "陇南", "龙岩", "娄底", "漯河", "泸州", "吕梁"],
  "cities2": ["兰州市", "廊坊市", "六安市", "乐山市", "来宾市", "柳州市", "聊城市", "莱芜市", "拉萨市", "洛阳市", "凉山彝族自治州", "连云港市", "辽阳市", "辽源市", "丽江市", "临沧市", "临汾市", "临夏回族自治州", "临沂市", "林芝市", "丽水市", "六盘水市", "陇南市", "龙岩市", "娄底市", "漯河市", "泸州市", "吕梁市"]
}, {
  "name": "M",
  "cities1": ["绵阳", "马鞍山", "茂名", "眉山", "梅州", "牡丹江"],
  "cities2": ["绵阳市", "马鞍山市", "茂名市", "眉山市", "梅州市", "牡丹江市"]
}, {
  "name": "N",
  "cities1": ["南京", "南昌", "南宁", "宁波", "南通", "南充", "南平", "南阳", "那曲", "内江", "怒江", "宁德"],
  "cities2": ["南京市", "南昌市", "南宁市", "宁波市", "南通市", "南充市", "南平市", "南阳市", "那曲市", "内江市", "怒江傈僳族自治州", "宁德市"]
}, {
  "name": "P",
  "cities1": ["莆田", "濮阳", "盘锦", "攀枝花", "平顶山", "平凉", "萍乡", "普洱"],
  "cities2": ["莆田市", "濮阳市", "盘锦市", "攀枝花市", "平顶山市", "平凉市", "萍乡市", "普洱市"]
}, {
  "name": "Q",
  "cities1": ["青岛", "秦皇岛", "泉州", "衢州", "曲靖", "黔东南", "黔南", "黔西南", "庆阳", "清远", "钦州", "齐齐哈尔", "七台河"],
  "cities2": ["青岛市", "秦皇岛市", "泉州市", "衢州市", "曲靖市", "黔东南苗族侗族自治州", "黔南布依族苗族自治州", "黔西南布依族苗族自治州", "庆阳市", "清远市", "钦州市", "齐齐哈尔市", "七台河市"]
}, {
  "name": "R",
  "cities1": ["日照", "日喀则"],
  "cities2": ["日照市", "日喀则地区"]
}, {
  "name": "S",
  "cities1": ["上海", "深圳", "沈阳", "石家庄", "三门峡", "三明", "三亚", "商洛", "商丘", "苏州", "汕头", "汕尾", "十堰", "遂宁", "上饶", "山南", "绍兴", "邵阳", "双鸭山", "朔州", "四平", "松原", "绥化", "随州", "宿迁", "宿州", "石嘴山", "韶关"],
  "cities2": ["上海市", "深圳市", "沈阳市", "石家庄市", "三门峡市", "三明市", "三亚市", "商洛市", "商丘市", "苏州市", "汕头市", "汕尾市", "十堰市", "遂宁市", "上饶市", "山南市", "绍兴市", "邵阳市", "双鸭山市", "朔州市", "四平市", "松原市", "绥化市", "随州市", "宿迁市", "宿州市", "石嘴山市", "韶关市"]
}, {
  "name": "T",
  "cities1": ["天津", "太原", "唐山", "台州", "塔城", "泰安", "铁岭", "泰州", "天水", "铜川", "通化", "通辽", "铜陵", "铜仁", "吐鲁番", "台湾"],
  "cities2": ["天津市", "太原市", "唐山市", "台州市", "塔城地区", "泰安市", "铁岭市", "泰州市", "天水市", "铜川市", "通化市", "通辽市", "铜陵市", "铜仁地区", "吐鲁番地区", "台湾省"]
}, {
  "name": "W",
  "cities1": ["武汉", "温州", "无锡", "乌鲁木齐", "芜湖", "潍坊", "威海", "渭南", "文山", "乌海", "乌兰察布", "武威", "吴忠", "梧州"],
  "cities2": ["武汉市", "温州市", "无锡市", "乌鲁木齐市", "芜湖市", "潍坊市", "威海市", "渭南市", "文山壮族苗族自治州", "乌海市", "乌兰察布盟", "武威市", "吴忠市", "梧州市"]
}, {
  "name": "X",
  "cities1": ["西安", "厦门", "湘潭", "徐州", "许昌", "信阳", "西宁", "咸阳", "宣城", "新乡", "湘西", "襄阳", "咸宁", "孝感", "锡林郭勒", "兴安", "邢台", "新余", "忻州", "西双版纳", "香港"],
  "cities2": ["西安市", "厦门市", "湘潭市", "徐州市", "许昌市", "信阳市", "西宁市", "咸阳市", "宣城市", "新乡市", "湘西土家族苗族自治州", "襄阳市", "咸宁市", "孝感市", "锡林郭勒盟", "兴安盟", "邢台市", "新余市", "忻州市", "西双版纳傣族自治州", "香港特别行政区"]
}, {
  "name": "Y",
  "cities1": ["扬州", "银川", "宜昌", "岳阳", "榆林", "烟台", "雅安", "延安", "延边", "盐城", "阳江", "阳泉", "宜宾", "伊春", "宜春", "伊犁", "营口", "鹰潭", "益阳", "永州", "玉林", "运城", "云浮", "玉树", "玉溪"],
  "cities2": ["扬州市", "银川市", "宜昌市", "岳阳市", "榆林市", "烟台市", "雅安市", "延安市", "延边朝鲜族自治州", "盐城市", "阳江市", "阳泉市", "宜宾市", "伊春市", "宜春市", "伊犁哈萨克自治州", "营口市", "鹰潭市", "益阳市", "永州市", "玉林市", "运城市", "云浮市", "玉树藏族自治州", "玉溪市"]
}, {
  "name": "Z",
  "cities1": ["珠海", "肇庆", "张家口", "中山", "淄博", "驻马店", "枣庄", "张家界", "张掖", "漳州", "湛江", "昭通", "郑州", "镇江", "中卫", "周口", "舟山", "株洲", "自贡", "资阳", "遵义"],
  "cities2": ["珠海市", "肇庆市", "张家口市", "中山市", "淄博市", "驻马店市", "枣庄市", "张家界市", "张掖市", "漳州市", "湛江市", "昭通市", "郑州市", "镇江市", "中卫市", "周口市", "舟山市", "株洲市", "自贡市", "资阳市", "遵义市"]
}]